Country Name,Country ISO3,Year,Indicator Name,Indicator Code,Value
Bangladesh,BGD,2020,Agricultural land (% of land area),AG.LND.AGRI.ZS,76.0620726741953
Bangladesh,BGD,2019,Agricultural land (% of land area),AG.LND.AGRI.ZS,75.6318660213567
Bangladesh,BGD,2018,Agricultural land (% of land area),AG.LND.AGRI.ZS,73.7673811170008
Bangladesh,BGD,2017,Agricultural land (% of land area),AG.LND.AGRI.ZS,73.2989936237228
Bangladesh,BGD,2016,Agricultural land (% of land area),AG.LND.AGRI.ZS,72.9984635476684
Bangladesh,BGD,2015,Agricultural land (% of land area),AG.LND.AGRI.ZS,72.3994776062073
Bangladesh,BGD,2014,Agricultural land (% of land area),AG.LND.AGRI.ZS,71.5602673427057
Bangladesh,BGD,2013,Agricultural land (% of land area),AG.LND.AGRI.ZS,71.2760236613659
Bangladesh,BGD,2012,Agricultural land (% of land area),AG.LND.AGRI.ZS,70.0852731044019
Bangladesh,BGD,2011,Agricultural land (% of land area),AG.LND.AGRI.ZS,70.1236844126911
Bangladesh,BGD,2010,Agricultural land (% of land area),AG.LND.AGRI.ZS,70.9917799800261
Bangladesh,BGD,2009,Agricultural land (% of land area),AG.LND.AGRI.ZS,71.0301912883153
Bangladesh,BGD,2008,Agricultural land (% of land area),AG.LND.AGRI.ZS,71.0839671199201
Bangladesh,BGD,2007,Agricultural land (% of land area),AG.LND.AGRI.ZS,71.1838365214719
Bangladesh,BGD,2006,Agricultural land (% of land area),AG.LND.AGRI.ZS,71.2913881846816
Bangladesh,BGD,2005,Agricultural land (% of land area),AG.LND.AGRI.ZS,71.5295382960744
Bangladesh,BGD,2004,Agricultural land (% of land area),AG.LND.AGRI.ZS,71.6217254359684
Bangladesh,BGD,2003,Agricultural land (% of land area),AG.LND.AGRI.ZS,71.6601367442575
Bangladesh,BGD,2002,Agricultural land (% of land area),AG.LND.AGRI.ZS,71.8521932857033
Bangladesh,BGD,2001,Agricultural land (% of land area),AG.LND.AGRI.ZS,72.2363063685949
Bangladesh,BGD,2000,Agricultural land (% of land area),AG.LND.AGRI.ZS,72.2132595836214
Bangladesh,BGD,1999,Agricultural land (% of land area),AG.LND.AGRI.ZS,72.873934086195
Bangladesh,BGD,1998,Agricultural land (% of land area),AG.LND.AGRI.ZS,72.4744564799877
Bangladesh,BGD,1997,Agricultural land (% of land area),AG.LND.AGRI.ZS,71.9443804255973
Bangladesh,BGD,1996,Agricultural land (% of land area),AG.LND.AGRI.ZS,71.6524544825997
Bangladesh,BGD,1995,Agricultural land (% of land area),AG.LND.AGRI.ZS,72.0135207805178
Bangladesh,BGD,1994,Agricultural land (% of land area),AG.LND.AGRI.ZS,71.8906045939925
Bangladesh,BGD,1993,Agricultural land (% of land area),AG.LND.AGRI.ZS,72.5666436198817
Bangladesh,BGD,1992,Agricultural land (% of land area),AG.LND.AGRI.ZS,73.3579165706384
Bangladesh,BGD,1991,Agricultural land (% of land area),AG.LND.AGRI.ZS,79.2809403088269
Bangladesh,BGD,1990,Agricultural land (% of land area),AG.LND.AGRI.ZS,79.7879695782438
Bangladesh,BGD,1989,Agricultural land (% of land area),AG.LND.AGRI.ZS,80.2258584927403
Bangladesh,BGD,1988,Agricultural land (% of land area),AG.LND.AGRI.ZS,80.102942306215
Bangladesh,BGD,1987,Agricultural land (% of land area),AG.LND.AGRI.ZS,77.7060766689713
Bangladesh,BGD,1986,Agricultural land (% of land area),AG.LND.AGRI.ZS,77.1375893062918
Bangladesh,BGD,1985,Agricultural land (% of land area),AG.LND.AGRI.ZS,77.0300376430821
Bangladesh,BGD,1984,Agricultural land (% of land area),AG.LND.AGRI.ZS,77.2835522777906
Bangladesh,BGD,1983,Agricultural land (% of land area),AG.LND.AGRI.ZS,76.5460551586387
Bangladesh,BGD,1982,Agricultural land (% of land area),AG.LND.AGRI.ZS,76.6536068218484
Bangladesh,BGD,1981,Agricultural land (% of land area),AG.LND.AGRI.ZS,76.6766536068218
Bangladesh,BGD,1980,Agricultural land (% of land area),AG.LND.AGRI.ZS,76.7227471767688
Bangladesh,BGD,1979,Agricultural land (% of land area),AG.LND.AGRI.ZS,76.6920181301375
Bangladesh,BGD,1978,Agricultural land (% of land area),AG.LND.AGRI.ZS,76.7227471767688
Bangladesh,BGD,1977,Agricultural land (% of land area),AG.LND.AGRI.ZS,76.7534762234002
Bangladesh,BGD,1976,Agricultural land (% of land area),AG.LND.AGRI.ZS,76.807252055005
Bangladesh,BGD,1975,Agricultural land (% of land area),AG.LND.AGRI.ZS,76.853345624952
Bangladesh,BGD,1974,Agricultural land (% of land area),AG.LND.AGRI.ZS,76.7381117000845
Bangladesh,BGD,1973,Agricultural land (% of land area),AG.LND.AGRI.ZS,76.7381117000845
Bangladesh,BGD,1972,Agricultural land (% of land area),AG.LND.AGRI.ZS,76.7534762234002
Bangladesh,BGD,1971,Agricultural land (% of land area),AG.LND.AGRI.ZS,74.4795267726819
Bangladesh,BGD,1970,Agricultural land (% of land area),AG.LND.AGRI.ZS,74.4948912959975
Bangladesh,BGD,1969,Agricultural land (% of land area),AG.LND.AGRI.ZS,74.3258815395252
Bangladesh,BGD,1968,Agricultural land (% of land area),AG.LND.AGRI.ZS,74.2797879695783
Bangladesh,BGD,1967,Agricultural land (% of land area),AG.LND.AGRI.ZS,74.4795267726819
Bangladesh,BGD,1966,Agricultural land (% of land area),AG.LND.AGRI.ZS,74.1338249980794
Bangladesh,BGD,1965,Agricultural land (% of land area),AG.LND.AGRI.ZS,74.0339555965276
Bangladesh,BGD,1964,Agricultural land (% of land area),AG.LND.AGRI.ZS,73.1351309825613
Bangladesh,BGD,1963,Agricultural land (% of land area),AG.LND.AGRI.ZS,72.827840516248
Bangladesh,BGD,1962,Agricultural land (% of land area),AG.LND.AGRI.ZS,72.8047937312745
Bangladesh,BGD,1961,Agricultural land (% of land area),AG.LND.AGRI.ZS,72.827840516248
Bangladesh,BGD,2020,Arable land (% of land area),AG.LND.ARBL.ZS,61.4580932626565
Bangladesh,BGD,2019,Arable land (% of land area),AG.LND.ARBL.ZS,61.2045786279481
Bangladesh,BGD,2018,Arable land (% of land area),AG.LND.ARBL.ZS,59.7088422831682
Bangladesh,BGD,2017,Arable land (% of land area),AG.LND.ARBL.ZS,59.5938388261504
Bangladesh,BGD,2016,Arable land (% of land area),AG.LND.ARBL.ZS,59.6466927863563
Bangladesh,BGD,2015,Arable land (% of land area),AG.LND.ARBL.ZS,59.4010908811554
Bangladesh,BGD,2014,Arable land (% of land area),AG.LND.ARBL.ZS,58.9152646539141
Bangladesh,BGD,2013,Arable land (% of land area),AG.LND.ARBL.ZS,58.9844050088346
Bangladesh,BGD,2012,Arable land (% of land area),AG.LND.ARBL.ZS,58.9229469155719
Bangladesh,BGD,2011,Arable land (% of land area),AG.LND.ARBL.ZS,58.9844050088346
Bangladesh,BGD,2010,Arable land (% of land area),AG.LND.ARBL.ZS,59.8525005761696
Bangladesh,BGD,2009,Arable land (% of land area),AG.LND.ARBL.ZS,59.8909118844588
Bangladesh,BGD,2008,Arable land (% of land area),AG.LND.ARBL.ZS,59.9446877160636
Bangladesh,BGD,2007,Arable land (% of land area),AG.LND.ARBL.ZS,60.0445571176154
Bangladesh,BGD,2006,Arable land (% of land area),AG.LND.ARBL.ZS,60.5362218637167
Bangladesh,BGD,2005,Arable land (% of land area),AG.LND.ARBL.ZS,60.7743719751095
Bangladesh,BGD,2004,Arable land (% of land area),AG.LND.ARBL.ZS,62.5566566797265
Bangladesh,BGD,2003,Arable land (% of land area),AG.LND.ARBL.ZS,63.2096489206422
Bangladesh,BGD,2002,Arable land (% of land area),AG.LND.ARBL.ZS,63.401705462088
Bangladesh,BGD,2001,Arable land (% of land area),AG.LND.ARBL.ZS,63.7858185449796
Bangladesh,BGD,2000,Arable land (% of land area),AG.LND.ARBL.ZS,64.1468848428977
Bangladesh,BGD,1999,Arable land (% of land area),AG.LND.ARBL.ZS,64.8075593454713
Bangladesh,BGD,1998,Arable land (% of land area),AG.LND.ARBL.ZS,64.9458400553123
Bangladesh,BGD,1997,Arable land (% of land area),AG.LND.ARBL.ZS,64.454175309211
Bangladesh,BGD,1996,Arable land (% of land area),AG.LND.ARBL.ZS,64.2006606745026
Bangladesh,BGD,1995,Arable land (% of land area),AG.LND.ARBL.ZS,64.5617269724207
Bangladesh,BGD,1994,Arable land (% of land area),AG.LND.ARBL.ZS,64.592456019052
Bangladesh,BGD,1993,Arable land (% of land area),AG.LND.ARBL.ZS,65.3453176615196
Bangladesh,BGD,1992,Arable land (% of land area),AG.LND.ARBL.ZS,66.1365906122763
Bangladesh,BGD,1991,Arable land (% of land area),AG.LND.ARBL.ZS,72.0980256587539
Bangladesh,BGD,1990,Arable land (% of land area),AG.LND.ARBL.ZS,72.64346623646
Bangladesh,BGD,1989,Arable land (% of land area),AG.LND.ARBL.ZS,73.3886456172697
Bangladesh,BGD,1988,Arable land (% of land area),AG.LND.ARBL.ZS,73.2657294307444
Bangladesh,BGD,1987,Arable land (% of land area),AG.LND.ARBL.ZS,70.9456864100791
Bangladesh,BGD,1986,Arable land (% of land area),AG.LND.ARBL.ZS,70.3771990473996
Bangladesh,BGD,1985,Arable land (% of land area),AG.LND.ARBL.ZS,70.3080586924791
Bangladesh,BGD,1984,Arable land (% of land area),AG.LND.ARBL.ZS,70.5615733271875
Bangladesh,BGD,1983,Arable land (% of land area),AG.LND.ARBL.ZS,69.8240762080356
Bangladesh,BGD,1982,Arable land (% of land area),AG.LND.ARBL.ZS,69.9393101329031
Bangladesh,BGD,1981,Arable land (% of land area),AG.LND.ARBL.ZS,69.9777214411923
Bangladesh,BGD,1980,Arable land (% of land area),AG.LND.ARBL.ZS,70.0699085810863
Bangladesh,BGD,1979,Arable land (% of land area),AG.LND.ARBL.ZS,70.0468617961128
Bangladesh,BGD,1978,Arable land (% of land area),AG.LND.ARBL.ZS,70.1006376277176
Bangladesh,BGD,1977,Arable land (% of land area),AG.LND.ARBL.ZS,70.1467311976646
Bangladesh,BGD,1976,Arable land (% of land area),AG.LND.ARBL.ZS,70.2005070292694
Bangladesh,BGD,1975,Arable land (% of land area),AG.LND.ARBL.ZS,70.2466005992164
Bangladesh,BGD,1974,Arable land (% of land area),AG.LND.ARBL.ZS,70.1467311976646
Bangladesh,BGD,1973,Arable land (% of land area),AG.LND.ARBL.ZS,70.1467311976646
Bangladesh,BGD,1972,Arable land (% of land area),AG.LND.ARBL.ZS,70.1620957209803
Bangladesh,BGD,1971,Arable land (% of land area),AG.LND.ARBL.ZS,67.888146270262
Bangladesh,BGD,1970,Arable land (% of land area),AG.LND.ARBL.ZS,67.888146270262
Bangladesh,BGD,1969,Arable land (% of land area),AG.LND.ARBL.ZS,67.6807252055005
Bangladesh,BGD,1968,Arable land (% of land area),AG.LND.ARBL.ZS,67.8266881769993
Bangladesh,BGD,1967,Arable land (% of land area),AG.LND.ARBL.ZS,67.934239840209
Bangladesh,BGD,1966,Arable land (% of land area),AG.LND.ARBL.ZS,67.5885380656065
Bangladesh,BGD,1965,Arable land (% of land area),AG.LND.ARBL.ZS,67.427210570792
Bangladesh,BGD,1964,Arable land (% of land area),AG.LND.ARBL.ZS,66.374740723669
Bangladesh,BGD,1963,Arable land (% of land area),AG.LND.ARBL.ZS,66.1058615656449
Bangladesh,BGD,1962,Arable land (% of land area),AG.LND.ARBL.ZS,66.0444034723823
Bangladesh,BGD,1961,Arable land (% of land area),AG.LND.ARBL.ZS,66.1058615656449
Bangladesh,BGD,2020,Forest area (sq. km),AG.LND.FRST.K2,18834.0
Bangladesh,BGD,2019,Forest area (sq. km),AG.LND.FRST.K2,18834.0
Bangladesh,BGD,2018,Forest area (sq. km),AG.LND.FRST.K2,18834.0
Bangladesh,BGD,2017,Forest area (sq. km),AG.LND.FRST.K2,18834.0
Bangladesh,BGD,2016,Forest area (sq. km),AG.LND.FRST.K2,18834.0
Bangladesh,BGD,2015,Forest area (sq. km),AG.LND.FRST.K2,18834.0
Bangladesh,BGD,2014,Forest area (sq. km),AG.LND.FRST.K2,18843.884
Bangladesh,BGD,2013,Forest area (sq. km),AG.LND.FRST.K2,18853.768
Bangladesh,BGD,2012,Forest area (sq. km),AG.LND.FRST.K2,18863.652
Bangladesh,BGD,2011,Forest area (sq. km),AG.LND.FRST.K2,18873.536
Bangladesh,BGD,2010,Forest area (sq. km),AG.LND.FRST.K2,18883.42
Bangladesh,BGD,2009,Forest area (sq. km),AG.LND.FRST.K2,18915.406
Bangladesh,BGD,2008,Forest area (sq. km),AG.LND.FRST.K2,18947.393
Bangladesh,BGD,2007,Forest area (sq. km),AG.LND.FRST.K2,18979.379
Bangladesh,BGD,2006,Forest area (sq. km),AG.LND.FRST.K2,19011.365
Bangladesh,BGD,2005,Forest area (sq. km),AG.LND.FRST.K2,19043.351
Bangladesh,BGD,2004,Forest area (sq. km),AG.LND.FRST.K2,19075.337
Bangladesh,BGD,2003,Forest area (sq. km),AG.LND.FRST.K2,19107.323
Bangladesh,BGD,2002,Forest area (sq. km),AG.LND.FRST.K2,19139.309
Bangladesh,BGD,2001,Forest area (sq. km),AG.LND.FRST.K2,19171.295
Bangladesh,BGD,2000,Forest area (sq. km),AG.LND.FRST.K2,19203.281
Bangladesh,BGD,1999,Forest area (sq. km),AG.LND.FRST.K2,19203.283
Bangladesh,BGD,1998,Forest area (sq. km),AG.LND.FRST.K2,19203.285
Bangladesh,BGD,1997,Forest area (sq. km),AG.LND.FRST.K2,19203.287
Bangladesh,BGD,1996,Forest area (sq. km),AG.LND.FRST.K2,19203.289
Bangladesh,BGD,1995,Forest area (sq. km),AG.LND.FRST.K2,19203.29
Bangladesh,BGD,1994,Forest area (sq. km),AG.LND.FRST.K2,19203.292
Bangladesh,BGD,1993,Forest area (sq. km),AG.LND.FRST.K2,19203.294
Bangladesh,BGD,1992,Forest area (sq. km),AG.LND.FRST.K2,19203.296
Bangladesh,BGD,1991,Forest area (sq. km),AG.LND.FRST.K2,19203.298
Bangladesh,BGD,1990,Forest area (sq. km),AG.LND.FRST.K2,19203.3
Bangladesh,BGD,2020,Forest area (% of land area),AG.LND.FRST.ZS,14.4687716063609
Bangladesh,BGD,2019,Forest area (% of land area),AG.LND.FRST.ZS,14.4687716063609
Bangladesh,BGD,2018,Forest area (% of land area),AG.LND.FRST.ZS,14.4687716063609
Bangladesh,BGD,2017,Forest area (% of land area),AG.LND.FRST.ZS,14.4687716063609
Bangladesh,BGD,2016,Forest area (% of land area),AG.LND.FRST.ZS,14.4687716063609
Bangladesh,BGD,2015,Forest area (% of land area),AG.LND.FRST.ZS,14.4687716063609
Bangladesh,BGD,2014,Forest area (% of land area),AG.LND.FRST.ZS,14.4763647537835
Bangladesh,BGD,2013,Forest area (% of land area),AG.LND.FRST.ZS,14.4839579012061
Bangladesh,BGD,2012,Forest area (% of land area),AG.LND.FRST.ZS,14.4915510486287
Bangladesh,BGD,2011,Forest area (% of land area),AG.LND.FRST.ZS,14.4991441960513
Bangladesh,BGD,2010,Forest area (% of land area),AG.LND.FRST.ZS,14.5067373434739
Bangladesh,BGD,2009,Forest area (% of land area),AG.LND.FRST.ZS,14.5313098256127
Bangladesh,BGD,2008,Forest area (% of land area),AG.LND.FRST.ZS,14.5558830759776
Bangladesh,BGD,2007,Forest area (% of land area),AG.LND.FRST.ZS,14.5804555581163
Bangladesh,BGD,2006,Forest area (% of land area),AG.LND.FRST.ZS,14.6050280402551
Bangladesh,BGD,2005,Forest area (% of land area),AG.LND.FRST.ZS,14.6296005223938
Bangladesh,BGD,2004,Forest area (% of land area),AG.LND.FRST.ZS,14.6541730045325
Bangladesh,BGD,2003,Forest area (% of land area),AG.LND.FRST.ZS,14.6787454866713
Bangladesh,BGD,2002,Forest area (% of land area),AG.LND.FRST.ZS,14.70331796881
Bangladesh,BGD,2001,Forest area (% of land area),AG.LND.FRST.ZS,14.7278904509488
Bangladesh,BGD,2000,Forest area (% of land area),AG.LND.FRST.ZS,14.7524629330875
Bangladesh,BGD,1999,Forest area (% of land area),AG.LND.FRST.ZS,14.7524644695398
Bangladesh,BGD,1998,Forest area (% of land area),AG.LND.FRST.ZS,14.7524660059922
Bangladesh,BGD,1997,Forest area (% of land area),AG.LND.FRST.ZS,14.7524675424445
Bangladesh,BGD,1996,Forest area (% of land area),AG.LND.FRST.ZS,14.7524690788968
Bangladesh,BGD,1995,Forest area (% of land area),AG.LND.FRST.ZS,14.752469847123
Bangladesh,BGD,1994,Forest area (% of land area),AG.LND.FRST.ZS,14.7524713835753
Bangladesh,BGD,1993,Forest area (% of land area),AG.LND.FRST.ZS,14.7524729200277
Bangladesh,BGD,1992,Forest area (% of land area),AG.LND.FRST.ZS,14.75247445648
Bangladesh,BGD,1991,Forest area (% of land area),AG.LND.FRST.ZS,14.7524759929323
Bangladesh,BGD,1990,Forest area (% of land area),AG.LND.FRST.ZS,14.7524775293847
Bangladesh,BGD,2019,Average precipitation in depth (mm per year),AG.LND.PRCP.MM,2666.0
Bangladesh,BGD,2018,Average precipitation in depth (mm per year),AG.LND.PRCP.MM,2666.0
Bangladesh,BGD,2017,Average precipitation in depth (mm per year),AG.LND.PRCP.MM,2666.0
Bangladesh,BGD,2016,Average precipitation in depth (mm per year),AG.LND.PRCP.MM,2666.0
Bangladesh,BGD,2015,Average precipitation in depth (mm per year),AG.LND.PRCP.MM,2666.0
Bangladesh,BGD,2014,Average precipitation in depth (mm per year),AG.LND.PRCP.MM,2666.0
Bangladesh,BGD,2013,Average precipitation in depth (mm per year),AG.LND.PRCP.MM,2666.0
Bangladesh,BGD,2012,Average precipitation in depth (mm per year),AG.LND.PRCP.MM,2666.0
Bangladesh,BGD,2011,Average precipitation in depth (mm per year),AG.LND.PRCP.MM,2666.0
Bangladesh,BGD,2010,Average precipitation in depth (mm per year),AG.LND.PRCP.MM,2666.0
Bangladesh,BGD,2009,Average precipitation in depth (mm per year),AG.LND.PRCP.MM,2666.0
Bangladesh,BGD,2008,Average precipitation in depth (mm per year),AG.LND.PRCP.MM,2666.0
Bangladesh,BGD,2007,Average precipitation in depth (mm per year),AG.LND.PRCP.MM,2666.0
Bangladesh,BGD,2006,Average precipitation in depth (mm per year),AG.LND.PRCP.MM,2666.0
Bangladesh,BGD,2005,Average precipitation in depth (mm per year),AG.LND.PRCP.MM,2666.0
Bangladesh,BGD,2004,Average precipitation in depth (mm per year),AG.LND.PRCP.MM,2666.0
Bangladesh,BGD,2003,Average precipitation in depth (mm per year),AG.LND.PRCP.MM,2666.0
Bangladesh,BGD,2002,Average precipitation in depth (mm per year),AG.LND.PRCP.MM,2666.0
Bangladesh,BGD,2001,Average precipitation in depth (mm per year),AG.LND.PRCP.MM,2666.0
Bangladesh,BGD,2000,Average precipitation in depth (mm per year),AG.LND.PRCP.MM,2666.0
Bangladesh,BGD,1999,Average precipitation in depth (mm per year),AG.LND.PRCP.MM,2666.0
Bangladesh,BGD,1998,Average precipitation in depth (mm per year),AG.LND.PRCP.MM,2666.0
Bangladesh,BGD,1997,Average precipitation in depth (mm per year),AG.LND.PRCP.MM,2666.0
Bangladesh,BGD,1996,Average precipitation in depth (mm per year),AG.LND.PRCP.MM,2666.0
Bangladesh,BGD,1995,Average precipitation in depth (mm per year),AG.LND.PRCP.MM,2666.0
Bangladesh,BGD,1994,Average precipitation in depth (mm per year),AG.LND.PRCP.MM,2666.0
Bangladesh,BGD,1993,Average precipitation in depth (mm per year),AG.LND.PRCP.MM,2666.0
Bangladesh,BGD,1992,Average precipitation in depth (mm per year),AG.LND.PRCP.MM,2666.0
Bangladesh,BGD,1991,Average precipitation in depth (mm per year),AG.LND.PRCP.MM,2666.0
Bangladesh,BGD,1990,Average precipitation in depth (mm per year),AG.LND.PRCP.MM,2666.0
Bangladesh,BGD,1989,Average precipitation in depth (mm per year),AG.LND.PRCP.MM,2666.0
Bangladesh,BGD,1988,Average precipitation in depth (mm per year),AG.LND.PRCP.MM,2666.0
Bangladesh,BGD,1987,Average precipitation in depth (mm per year),AG.LND.PRCP.MM,2666.0
Bangladesh,BGD,1986,Average precipitation in depth (mm per year),AG.LND.PRCP.MM,2666.0
Bangladesh,BGD,1985,Average precipitation in depth (mm per year),AG.LND.PRCP.MM,2666.0
Bangladesh,BGD,1984,Average precipitation in depth (mm per year),AG.LND.PRCP.MM,2666.0
Bangladesh,BGD,1983,Average precipitation in depth (mm per year),AG.LND.PRCP.MM,2666.0
Bangladesh,BGD,1982,Average precipitation in depth (mm per year),AG.LND.PRCP.MM,2666.0
Bangladesh,BGD,1981,Average precipitation in depth (mm per year),AG.LND.PRCP.MM,2666.0
Bangladesh,BGD,1980,Average precipitation in depth (mm per year),AG.LND.PRCP.MM,2666.0
Bangladesh,BGD,1979,Average precipitation in depth (mm per year),AG.LND.PRCP.MM,2666.0
Bangladesh,BGD,1978,Average precipitation in depth (mm per year),AG.LND.PRCP.MM,2666.0
Bangladesh,BGD,1977,Average precipitation in depth (mm per year),AG.LND.PRCP.MM,2666.0
Bangladesh,BGD,1976,Average precipitation in depth (mm per year),AG.LND.PRCP.MM,2666.0
Bangladesh,BGD,1975,Average precipitation in depth (mm per year),AG.LND.PRCP.MM,2666.0
Bangladesh,BGD,1974,Average precipitation in depth (mm per year),AG.LND.PRCP.MM,2666.0
Bangladesh,BGD,1973,Average precipitation in depth (mm per year),AG.LND.PRCP.MM,2666.0
Bangladesh,BGD,1972,Average precipitation in depth (mm per year),AG.LND.PRCP.MM,2666.0
Bangladesh,BGD,1971,Average precipitation in depth (mm per year),AG.LND.PRCP.MM,2666.0
Bangladesh,BGD,1970,Average precipitation in depth (mm per year),AG.LND.PRCP.MM,2666.0
Bangladesh,BGD,1969,Average precipitation in depth (mm per year),AG.LND.PRCP.MM,2666.0
Bangladesh,BGD,1968,Average precipitation in depth (mm per year),AG.LND.PRCP.MM,2666.0
Bangladesh,BGD,1967,Average precipitation in depth (mm per year),AG.LND.PRCP.MM,2666.0
Bangladesh,BGD,1966,Average precipitation in depth (mm per year),AG.LND.PRCP.MM,2666.0
Bangladesh,BGD,1965,Average precipitation in depth (mm per year),AG.LND.PRCP.MM,2666.0
Bangladesh,BGD,1964,Average precipitation in depth (mm per year),AG.LND.PRCP.MM,2666.0
Bangladesh,BGD,1963,Average precipitation in depth (mm per year),AG.LND.PRCP.MM,2666.0
Bangladesh,BGD,1962,Average precipitation in depth (mm per year),AG.LND.PRCP.MM,2666.0
Bangladesh,BGD,1961,Average precipitation in depth (mm per year),AG.LND.PRCP.MM,2666.0
Bangladesh,BGD,2020,Access to electricity (% of population),EG.ELC.ACCS.ZS,96.1999969482422
Bangladesh,BGD,2019,Access to electricity (% of population),EG.ELC.ACCS.ZS,92.1999969482422
Bangladesh,BGD,2018,Access to electricity (% of population),EG.ELC.ACCS.ZS,91.8000030517578
Bangladesh,BGD,2017,Access to electricity (% of population),EG.ELC.ACCS.ZS,88.0
Bangladesh,BGD,2016,Access to electricity (% of population),EG.ELC.ACCS.ZS,75.9199981689453
Bangladesh,BGD,2015,Access to electricity (% of population),EG.ELC.ACCS.ZS,74.9037399291992
Bangladesh,BGD,2014,Access to electricity (% of population),EG.ELC.ACCS.ZS,62.4000015258789
Bangladesh,BGD,2013,Access to electricity (% of population),EG.ELC.ACCS.ZS,61.5
Bangladesh,BGD,2012,Access to electricity (% of population),EG.ELC.ACCS.ZS,66.1555709838867
Bangladesh,BGD,2011,Access to electricity (% of population),EG.ELC.ACCS.ZS,59.5999984741211
Bangladesh,BGD,2010,Access to electricity (% of population),EG.ELC.ACCS.ZS,55.2599983215332
Bangladesh,BGD,2009,Access to electricity (% of population),EG.ELC.ACCS.ZS,57.56884765625
Bangladesh,BGD,2008,Access to electricity (% of population),EG.ELC.ACCS.ZS,54.7355155944824
Bangladesh,BGD,2007,Access to electricity (% of population),EG.ELC.ACCS.ZS,46.5
Bangladesh,BGD,2006,Access to electricity (% of population),EG.ELC.ACCS.ZS,50.5251007080078
Bangladesh,BGD,2005,Access to electricity (% of population),EG.ELC.ACCS.ZS,44.2299995422363
Bangladesh,BGD,2004,Access to electricity (% of population),EG.ELC.ACCS.ZS,40.5999984741211
Bangladesh,BGD,2003,Access to electricity (% of population),EG.ELC.ACCS.ZS,40.6642608642578
Bangladesh,BGD,2002,Access to electricity (% of population),EG.ELC.ACCS.ZS,37.8510704040527
Bangladesh,BGD,2001,Access to electricity (% of population),EG.ELC.ACCS.ZS,35.0326461791992
Bangladesh,BGD,2000,Access to electricity (% of population),EG.ELC.ACCS.ZS,32.0
Bangladesh,BGD,1999,Access to electricity (% of population),EG.ELC.ACCS.ZS,29.5402145385742
Bangladesh,BGD,1998,Access to electricity (% of population),EG.ELC.ACCS.ZS,26.7461929321289
Bangladesh,BGD,1997,Access to electricity (% of population),EG.ELC.ACCS.ZS,22.4
Bangladesh,BGD,1996,Access to electricity (% of population),EG.ELC.ACCS.ZS,21.1443862915039
Bangladesh,BGD,1995,Access to electricity (% of population),EG.ELC.ACCS.ZS,18.3380451202393
Bangladesh,BGD,1994,Access to electricity (% of population),EG.ELC.ACCS.ZS,17.8
Bangladesh,BGD,1993,Access to electricity (% of population),EG.ELC.ACCS.ZS,12.7178802490234
Bangladesh,BGD,1992,Access to electricity (% of population),EG.ELC.ACCS.ZS,9.90541934967041
Bangladesh,BGD,1991,Access to electricity (% of population),EG.ELC.ACCS.ZS,14.29
Bangladesh,BGD,2019,Renewable energy consumption (% of total final energy consumption),EG.FEC.RNEW.ZS,24.75
Bangladesh,BGD,2018,Renewable energy consumption (% of total final energy consumption),EG.FEC.RNEW.ZS,26.88
Bangladesh,BGD,2017,Renewable energy consumption (% of total final energy consumption),EG.FEC.RNEW.ZS,28.36
Bangladesh,BGD,2016,Renewable energy consumption (% of total final energy consumption),EG.FEC.RNEW.ZS,30.49
Bangladesh,BGD,2015,Renewable energy consumption (% of total final energy consumption),EG.FEC.RNEW.ZS,31.93
Bangladesh,BGD,2014,Renewable energy consumption (% of total final energy consumption),EG.FEC.RNEW.ZS,35.32
Bangladesh,BGD,2013,Renewable energy consumption (% of total final energy consumption),EG.FEC.RNEW.ZS,37.08
Bangladesh,BGD,2012,Renewable energy consumption (% of total final energy consumption),EG.FEC.RNEW.ZS,37.31
Bangladesh,BGD,2011,Renewable energy consumption (% of total final energy consumption),EG.FEC.RNEW.ZS,38.41
Bangladesh,BGD,2010,Renewable energy consumption (% of total final energy consumption),EG.FEC.RNEW.ZS,40.28
Bangladesh,BGD,2009,Renewable energy consumption (% of total final energy consumption),EG.FEC.RNEW.ZS,43.1
Bangladesh,BGD,2008,Renewable energy consumption (% of total final energy consumption),EG.FEC.RNEW.ZS,45.2
Bangladesh,BGD,2007,Renewable energy consumption (% of total final energy consumption),EG.FEC.RNEW.ZS,47.19
Bangladesh,BGD,2006,Renewable energy consumption (% of total final energy consumption),EG.FEC.RNEW.ZS,48.69
Bangladesh,BGD,2005,Renewable energy consumption (% of total final energy consumption),EG.FEC.RNEW.ZS,50.66
Bangladesh,BGD,2004,Renewable energy consumption (% of total final energy consumption),EG.FEC.RNEW.ZS,52.05
Bangladesh,BGD,2003,Renewable energy consumption (% of total final energy consumption),EG.FEC.RNEW.ZS,52.62
Bangladesh,BGD,2002,Renewable energy consumption (% of total final energy consumption),EG.FEC.RNEW.ZS,54.33
Bangladesh,BGD,2001,Renewable energy consumption (% of total final energy consumption),EG.FEC.RNEW.ZS,55.82
Bangladesh,BGD,2000,Renewable energy consumption (% of total final energy consumption),EG.FEC.RNEW.ZS,59.06
Bangladesh,BGD,1999,Renewable energy consumption (% of total final energy consumption),EG.FEC.RNEW.ZS,60.5343957531165
Bangladesh,BGD,1998,Renewable energy consumption (% of total final energy consumption),EG.FEC.RNEW.ZS,60.2339712856559
Bangladesh,BGD,1997,Renewable energy consumption (% of total final energy consumption),EG.FEC.RNEW.ZS,59.9728561221059
Bangladesh,BGD,1996,Renewable energy consumption (% of total final energy consumption),EG.FEC.RNEW.ZS,62.1240765978699
Bangladesh,BGD,1995,Renewable energy consumption (% of total final energy consumption),EG.FEC.RNEW.ZS,63.8028091687192
Bangladesh,BGD,1994,Renewable energy consumption (% of total final energy consumption),EG.FEC.RNEW.ZS,68.9799071851049
Bangladesh,BGD,1993,Renewable energy consumption (% of total final energy consumption),EG.FEC.RNEW.ZS,70.5571230240722
Bangladesh,BGD,1992,Renewable energy consumption (% of total final energy consumption),EG.FEC.RNEW.ZS,71.6607037258685
Bangladesh,BGD,1991,Renewable energy consumption (% of total final energy consumption),EG.FEC.RNEW.ZS,73.159667324204
Bangladesh,BGD,1990,Renewable energy consumption (% of total final energy consumption),EG.FEC.RNEW.ZS,71.6649713034591
Bangladesh,BGD,2019,CO2 emissions (kt),EN.ATM.CO2E.KT,90739.9978637695
Bangladesh,BGD,2018,CO2 emissions (kt),EN.ATM.CO2E.KT,83449.9969482422
Bangladesh,BGD,2017,CO2 emissions (kt),EN.ATM.CO2E.KT,79339.9963378906
Bangladesh,BGD,2016,CO2 emissions (kt),EN.ATM.CO2E.KT,74379.997253418
Bangladesh,BGD,2015,CO2 emissions (kt),EN.ATM.CO2E.KT,72190.0024414063
Bangladesh,BGD,2014,CO2 emissions (kt),EN.ATM.CO2E.KT,63830.0018310547
Bangladesh,BGD,2013,CO2 emissions (kt),EN.ATM.CO2E.KT,60599.9984741211
Bangladesh,BGD,2012,CO2 emissions (kt),EN.ATM.CO2E.KT,57990.0016784668
Bangladesh,BGD,2011,CO2 emissions (kt),EN.ATM.CO2E.KT,54419.9981689453
Bangladesh,BGD,2010,CO2 emissions (kt),EN.ATM.CO2E.KT,50580.0018310547
Bangladesh,BGD,2009,CO2 emissions (kt),EN.ATM.CO2E.KT,44750.0
Bangladesh,BGD,2008,CO2 emissions (kt),EN.ATM.CO2E.KT,41580.0018310547
Bangladesh,BGD,2007,CO2 emissions (kt),EN.ATM.CO2E.KT,37990.0016784668
Bangladesh,BGD,2006,CO2 emissions (kt),EN.ATM.CO2E.KT,35900.0015258789
Bangladesh,BGD,2005,CO2 emissions (kt),EN.ATM.CO2E.KT,32709.9990844727
Bangladesh,BGD,2004,CO2 emissions (kt),EN.ATM.CO2E.KT,30530.0006866455
Bangladesh,BGD,2003,CO2 emissions (kt),EN.ATM.CO2E.KT,28629.9991607666
Bangladesh,BGD,2002,CO2 emissions (kt),EN.ATM.CO2E.KT,27430.0003051758
Bangladesh,BGD,2001,CO2 emissions (kt),EN.ATM.CO2E.KT,25780.0
Bangladesh,BGD,2000,CO2 emissions (kt),EN.ATM.CO2E.KT,21650.0
Bangladesh,BGD,1999,CO2 emissions (kt),EN.ATM.CO2E.KT,20110.0
Bangladesh,BGD,1998,CO2 emissions (kt),EN.ATM.CO2E.KT,19250.0
Bangladesh,BGD,1997,CO2 emissions (kt),EN.ATM.CO2E.KT,18970.0
Bangladesh,BGD,1996,CO2 emissions (kt),EN.ATM.CO2E.KT,16830.0
Bangladesh,BGD,1995,CO2 emissions (kt),EN.ATM.CO2E.KT,16550.0
Bangladesh,BGD,1994,CO2 emissions (kt),EN.ATM.CO2E.KT,13540.0
Bangladesh,BGD,1993,CO2 emissions (kt),EN.ATM.CO2E.KT,12570.0
Bangladesh,BGD,1992,CO2 emissions (kt),EN.ATM.CO2E.KT,11820.0
Bangladesh,BGD,1991,CO2 emissions (kt),EN.ATM.CO2E.KT,10830.0
Bangladesh,BGD,1990,CO2 emissions (kt),EN.ATM.CO2E.KT,11520.0
Bangladesh,BGD,2019,CO2 emissions (metric tons per capita),EN.ATM.CO2E.PC,0.548224196802713
Bangladesh,BGD,2018,CO2 emissions (metric tons per capita),EN.ATM.CO2E.PC,0.50982391901986
Bangladesh,BGD,2017,CO2 emissions (metric tons per capita),EN.ATM.CO2E.PC,0.490376738268744
Bangladesh,BGD,2016,CO2 emissions (metric tons per capita),EN.ATM.CO2E.PC,0.465501757675485
Bangladesh,BGD,2015,CO2 emissions (metric tons per capita),EN.ATM.CO2E.PC,0.457390879055986
Bangladesh,BGD,2014,CO2 emissions (metric tons per capita),EN.ATM.CO2E.PC,0.409268211026216
Bangladesh,BGD,2013,CO2 emissions (metric tons per capita),EN.ATM.CO2E.PC,0.39342948638202
Bangladesh,BGD,2012,CO2 emissions (metric tons per capita),EN.ATM.CO2E.PC,0.381285779630454
Bangladesh,BGD,2011,CO2 emissions (metric tons per capita),EN.ATM.CO2E.PC,0.362290353952064
Bangladesh,BGD,2010,CO2 emissions (metric tons per capita),EN.ATM.CO2E.PC,0.340855944444599
Bangladesh,BGD,2009,CO2 emissions (metric tons per capita),EN.ATM.CO2E.PC,0.305030148225566
Bangladesh,BGD,2008,CO2 emissions (metric tons per capita),EN.ATM.CO2E.PC,0.285927829584482
Bangladesh,BGD,2007,CO2 emissions (metric tons per capita),EN.ATM.CO2E.PC,0.263570649068447
Bangladesh,BGD,2006,CO2 emissions (metric tons per capita),EN.ATM.CO2E.PC,0.251702276981285
Bangladesh,BGD,2005,CO2 emissions (metric tons per capita),EN.ATM.CO2E.PC,0.232129713068738
Bangladesh,BGD,2004,CO2 emissions (metric tons per capita),EN.ATM.CO2E.PC,0.219973061310162
Bangladesh,BGD,2003,CO2 emissions (metric tons per capita),EN.ATM.CO2E.PC,0.209738657425867
Bangladesh,BGD,2002,CO2 emissions (metric tons per capita),EN.ATM.CO2E.PC,0.204488116043745
Bangladesh,BGD,2001,CO2 emissions (metric tons per capita),EN.ATM.CO2E.PC,0.195791791879492
Bangladesh,BGD,2000,CO2 emissions (metric tons per capita),EN.ATM.CO2E.PC,0.167578314629207
Bangladesh,BGD,1999,CO2 emissions (metric tons per capita),EN.ATM.CO2E.PC,0.1586527389285
Bangladesh,BGD,1998,CO2 emissions (metric tons per capita),EN.ATM.CO2E.PC,0.154804399574811
Bangladesh,BGD,1997,CO2 emissions (metric tons per capita),EN.ATM.CO2E.PC,0.15544182490964
Bangladesh,BGD,1996,CO2 emissions (metric tons per capita),EN.ATM.CO2E.PC,0.140394058343266
Bangladesh,BGD,1995,CO2 emissions (metric tons per capita),EN.ATM.CO2E.PC,0.140500305713384
Bangladesh,BGD,1994,CO2 emissions (metric tons per capita),EN.ATM.CO2E.PC,0.117112941792247
Bangladesh,BGD,1993,CO2 emissions (metric tons per capita),EN.ATM.CO2E.PC,0.11082822923196
Bangladesh,BGD,1992,CO2 emissions (metric tons per capita),EN.ATM.CO2E.PC,0.106226087110316
Bangladesh,BGD,1991,CO2 emissions (metric tons per capita),EN.ATM.CO2E.PC,0.0991369374397592
Bangladesh,BGD,1990,CO2 emissions (metric tons per capita),EN.ATM.CO2E.PC,0.107515189483715
Bangladesh,BGD,2019,Total greenhouse gas emissions (kt of CO2 equivalent),EN.ATM.GHGT.KT.CE,215940.002441406
Bangladesh,BGD,2018,Total greenhouse gas emissions (kt of CO2 equivalent),EN.ATM.GHGT.KT.CE,208000.0
Bangladesh,BGD,2017,Total greenhouse gas emissions (kt of CO2 equivalent),EN.ATM.GHGT.KT.CE,203080.001831055
Bangladesh,BGD,2016,Total greenhouse gas emissions (kt of CO2 equivalent),EN.ATM.GHGT.KT.CE,193960.006713867
Bangladesh,BGD,2015,Total greenhouse gas emissions (kt of CO2 equivalent),EN.ATM.GHGT.KT.CE,192179.992675781
Bangladesh,BGD,2014,Total greenhouse gas emissions (kt of CO2 equivalent),EN.ATM.GHGT.KT.CE,181850.006103516
Bangladesh,BGD,2013,Total greenhouse gas emissions (kt of CO2 equivalent),EN.ATM.GHGT.KT.CE,176779.998779297
Bangladesh,BGD,2012,Total greenhouse gas emissions (kt of CO2 equivalent),EN.ATM.GHGT.KT.CE,172839.996337891
Bangladesh,BGD,2011,Total greenhouse gas emissions (kt of CO2 equivalent),EN.ATM.GHGT.KT.CE,168960.006713867
Bangladesh,BGD,2010,Total greenhouse gas emissions (kt of CO2 equivalent),EN.ATM.GHGT.KT.CE,163179.992675781
Bangladesh,BGD,2009,Total greenhouse gas emissions (kt of CO2 equivalent),EN.ATM.GHGT.KT.CE,155000.0
Bangladesh,BGD,2008,Total greenhouse gas emissions (kt of CO2 equivalent),EN.ATM.GHGT.KT.CE,150850.006103516
Bangladesh,BGD,2007,Total greenhouse gas emissions (kt of CO2 equivalent),EN.ATM.GHGT.KT.CE,142169.998168945
Bangladesh,BGD,2006,Total greenhouse gas emissions (kt of CO2 equivalent),EN.ATM.GHGT.KT.CE,138889.999389648
Bangladesh,BGD,2005,Total greenhouse gas emissions (kt of CO2 equivalent),EN.ATM.GHGT.KT.CE,133110.000610352
Bangladesh,BGD,2004,Total greenhouse gas emissions (kt of CO2 equivalent),EN.ATM.GHGT.KT.CE,128190.002441406
Bangladesh,BGD,2003,Total greenhouse gas emissions (kt of CO2 equivalent),EN.ATM.GHGT.KT.CE,126099.998474121
Bangladesh,BGD,2002,Total greenhouse gas emissions (kt of CO2 equivalent),EN.ATM.GHGT.KT.CE,124199.996948242
Bangladesh,BGD,2001,Total greenhouse gas emissions (kt of CO2 equivalent),EN.ATM.GHGT.KT.CE,120440.002441406
Bangladesh,BGD,2000,Total greenhouse gas emissions (kt of CO2 equivalent),EN.ATM.GHGT.KT.CE,115459.999084473
Bangladesh,BGD,1999,Total greenhouse gas emissions (kt of CO2 equivalent),EN.ATM.GHGT.KT.CE,112940.002441406
Bangladesh,BGD,1998,Total greenhouse gas emissions (kt of CO2 equivalent),EN.ATM.GHGT.KT.CE,108690.002441406
Bangladesh,BGD,1997,Total greenhouse gas emissions (kt of CO2 equivalent),EN.ATM.GHGT.KT.CE,108650.001525879
Bangladesh,BGD,1996,Total greenhouse gas emissions (kt of CO2 equivalent),EN.ATM.GHGT.KT.CE,106379.997253418
Bangladesh,BGD,1995,Total greenhouse gas emissions (kt of CO2 equivalent),EN.ATM.GHGT.KT.CE,105830.001831055
Bangladesh,BGD,1994,Total greenhouse gas emissions (kt of CO2 equivalent),EN.ATM.GHGT.KT.CE,100669.998168945
Bangladesh,BGD,1993,Total greenhouse gas emissions (kt of CO2 equivalent),EN.ATM.GHGT.KT.CE,98050.0030517578
Bangladesh,BGD,1992,Total greenhouse gas emissions (kt of CO2 equivalent),EN.ATM.GHGT.KT.CE,96599.9984741211
Bangladesh,BGD,1991,Total greenhouse gas emissions (kt of CO2 equivalent),EN.ATM.GHGT.KT.CE,94449.9969482422
Bangladesh,BGD,1990,Total greenhouse gas emissions (kt of CO2 equivalent),EN.ATM.GHGT.KT.CE,94240.0
Bangladesh,BGD,2021,Population in urban agglomerations of more than 1 million (% of total population),EN.URB.MCTY.TL.ZS,15.868230928187
Bangladesh,BGD,2020,Population in urban agglomerations of more than 1 million (% of total population),EN.URB.MCTY.TL.ZS,15.545058037569
Bangladesh,BGD,2019,Population in urban agglomerations of more than 1 million (% of total population),EN.URB.MCTY.TL.ZS,15.2239971982927
Bangladesh,BGD,2018,Population in urban agglomerations of more than 1 million (% of total population),EN.URB.MCTY.TL.ZS,14.9030890369843
Bangladesh,BGD,2017,Population in urban agglomerations of more than 1 million (% of total population),EN.URB.MCTY.TL.ZS,14.5956854113544
Bangladesh,BGD,2016,Population in urban agglomerations of more than 1 million (% of total population),EN.URB.MCTY.TL.ZS,14.3078178863931
Bangladesh,BGD,2015,Population in urban agglomerations of more than 1 million (% of total population),EN.URB.MCTY.TL.ZS,14.0235265792308
Bangladesh,BGD,2014,Population in urban agglomerations of more than 1 million (% of total population),EN.URB.MCTY.TL.ZS,13.7399714784371
Bangladesh,BGD,2013,Population in urban agglomerations of more than 1 million (% of total population),EN.URB.MCTY.TL.ZS,13.4700832802598
Bangladesh,BGD,2012,Population in urban agglomerations of more than 1 million (% of total population),EN.URB.MCTY.TL.ZS,13.2088337659733
Bangladesh,BGD,2011,Population in urban agglomerations of more than 1 million (% of total population),EN.URB.MCTY.TL.ZS,12.9501257248096
Bangladesh,BGD,2010,Population in urban agglomerations of more than 1 million (% of total population),EN.URB.MCTY.TL.ZS,12.6938826178833
Bangladesh,BGD,2009,Population in urban agglomerations of more than 1 million (% of total population),EN.URB.MCTY.TL.ZS,12.4336027754949
Bangladesh,BGD,2008,Population in urban agglomerations of more than 1 million (% of total population),EN.URB.MCTY.TL.ZS,12.1479073652736
Bangladesh,BGD,2007,Population in urban agglomerations of more than 1 million (% of total population),EN.URB.MCTY.TL.ZS,11.8691498540537
Bangladesh,BGD,2006,Population in urban agglomerations of more than 1 million (% of total population),EN.URB.MCTY.TL.ZS,11.6167508937937
Bangladesh,BGD,2005,Population in urban agglomerations of more than 1 million (% of total population),EN.URB.MCTY.TL.ZS,11.3883564272007
Bangladesh,BGD,2004,Population in urban agglomerations of more than 1 million (% of total population),EN.URB.MCTY.TL.ZS,11.1998024349425
Bangladesh,BGD,2003,Population in urban agglomerations of more than 1 million (% of total population),EN.URB.MCTY.TL.ZS,11.0296713470598
Bangladesh,BGD,2002,Population in urban agglomerations of more than 1 million (% of total population),EN.URB.MCTY.TL.ZS,10.872357922993
Bangladesh,BGD,2001,Population in urban agglomerations of more than 1 million (% of total population),EN.URB.MCTY.TL.ZS,10.7297220841081
Bangladesh,BGD,2000,Population in urban agglomerations of more than 1 million (% of total population),EN.URB.MCTY.TL.ZS,10.521768666891
Bangladesh,BGD,1999,Population in urban agglomerations of more than 1 million (% of total population),EN.URB.MCTY.TL.ZS,10.2621538096254
Bangladesh,BGD,1998,Population in urban agglomerations of more than 1 million (% of total population),EN.URB.MCTY.TL.ZS,10.0106182951249
Bangladesh,BGD,1997,Population in urban agglomerations of more than 1 million (% of total population),EN.URB.MCTY.TL.ZS,9.76155404328769
Bangladesh,BGD,1996,Population in urban agglomerations of more than 1 million (% of total population),EN.URB.MCTY.TL.ZS,9.51095669266234
Bangladesh,BGD,1995,Population in urban agglomerations of more than 1 million (% of total population),EN.URB.MCTY.TL.ZS,9.26258410301608
Bangladesh,BGD,1994,Population in urban agglomerations of more than 1 million (% of total population),EN.URB.MCTY.TL.ZS,9.03157535303995
Bangladesh,BGD,1993,Population in urban agglomerations of more than 1 million (% of total population),EN.URB.MCTY.TL.ZS,8.81092445758333
Bangladesh,BGD,1992,Population in urban agglomerations of more than 1 million (% of total population),EN.URB.MCTY.TL.ZS,8.59567746819414
Bangladesh,BGD,1991,Population in urban agglomerations of more than 1 million (% of total population),EN.URB.MCTY.TL.ZS,8.37887270482199
Bangladesh,BGD,1990,Population in urban agglomerations of more than 1 million (% of total population),EN.URB.MCTY.TL.ZS,8.06692626420714
Bangladesh,BGD,1989,Population in urban agglomerations of more than 1 million (% of total population),EN.URB.MCTY.TL.ZS,7.7362863655629
Bangladesh,BGD,1988,Population in urban agglomerations of more than 1 million (% of total population),EN.URB.MCTY.TL.ZS,7.420936412823
Bangladesh,BGD,1987,Population in urban agglomerations of more than 1 million (% of total population),EN.URB.MCTY.TL.ZS,7.12123571463486
Bangladesh,BGD,1986,Population in urban agglomerations of more than 1 million (% of total population),EN.URB.MCTY.TL.ZS,6.84004637507916
Bangladesh,BGD,1985,Population in urban agglomerations of more than 1 million (% of total population),EN.URB.MCTY.TL.ZS,6.5808913024496
Bangladesh,BGD,1984,Population in urban agglomerations of more than 1 million (% of total population),EN.URB.MCTY.TL.ZS,6.34448311489443
Bangladesh,BGD,1983,Population in urban agglomerations of more than 1 million (% of total population),EN.URB.MCTY.TL.ZS,6.12501150249329
Bangladesh,BGD,1982,Population in urban agglomerations of more than 1 million (% of total population),EN.URB.MCTY.TL.ZS,5.91921530284748
Bangladesh,BGD,1981,Population in urban agglomerations of more than 1 million (% of total population),EN.URB.MCTY.TL.ZS,5.71994240694742
Bangladesh,BGD,1980,Population in urban agglomerations of more than 1 million (% of total population),EN.URB.MCTY.TL.ZS,5.48731668675588
Bangladesh,BGD,1979,Population in urban agglomerations of more than 1 million (% of total population),EN.URB.MCTY.TL.ZS,5.23869840499757
Bangladesh,BGD,1978,Population in urban agglomerations of more than 1 million (% of total population),EN.URB.MCTY.TL.ZS,4.99781083160277
Bangladesh,BGD,1977,Population in urban agglomerations of more than 1 million (% of total population),EN.URB.MCTY.TL.ZS,4.76928909223793
Bangladesh,BGD,1976,Population in urban agglomerations of more than 1 million (% of total population),EN.URB.MCTY.TL.ZS,4.54804708243301
Bangladesh,BGD,1975,Population in urban agglomerations of more than 1 million (% of total population),EN.URB.MCTY.TL.ZS,4.33444182888312
Bangladesh,BGD,1974,Population in urban agglomerations of more than 1 million (% of total population),EN.URB.MCTY.TL.ZS,4.13791054746855
Bangladesh,BGD,1973,Population in urban agglomerations of more than 1 million (% of total population),EN.URB.MCTY.TL.ZS,3.89501593777357
Bangladesh,BGD,1972,Population in urban agglomerations of more than 1 million (% of total population),EN.URB.MCTY.TL.ZS,3.64121121544275
Bangladesh,BGD,1971,Population in urban agglomerations of more than 1 million (% of total population),EN.URB.MCTY.TL.ZS,3.36482411337137
Bangladesh,BGD,1970,Population in urban agglomerations of more than 1 million (% of total population),EN.URB.MCTY.TL.ZS,3.10480345077852
Bangladesh,BGD,1969,Population in urban agglomerations of more than 1 million (% of total population),EN.URB.MCTY.TL.ZS,2.90248025609461
Bangladesh,BGD,1968,Population in urban agglomerations of more than 1 million (% of total population),EN.URB.MCTY.TL.ZS,2.7243350845148
Bangladesh,BGD,1967,Population in urban agglomerations of more than 1 million (% of total population),EN.URB.MCTY.TL.ZS,2.56002271526657
Bangladesh,BGD,1966,Population in urban agglomerations of more than 1 million (% of total population),EN.URB.MCTY.TL.ZS,2.4065905034939
Bangladesh,BGD,1965,Population in urban agglomerations of more than 1 million (% of total population),EN.URB.MCTY.TL.ZS,2.26207590307575
Bangladesh,BGD,1964,Population in urban agglomerations of more than 1 million (% of total population),EN.URB.MCTY.TL.ZS,2.12742471461422
Bangladesh,BGD,1963,Population in urban agglomerations of more than 1 million (% of total population),EN.URB.MCTY.TL.ZS,2.00091788387925
Bangladesh,BGD,1962,Population in urban agglomerations of more than 1 million (% of total population),EN.URB.MCTY.TL.ZS,1.8826482027934
Bangladesh,BGD,1961,Population in urban agglomerations of more than 1 million (% of total population),EN.URB.MCTY.TL.ZS,1.77157660956762
Bangladesh,BGD,1960,Population in urban agglomerations of more than 1 million (% of total population),EN.URB.MCTY.TL.ZS,1.72198510334929
Bangladesh,BGD,2019,"Annual freshwater withdrawals, total (% of internal resources)",ER.H2O.FWTL.ZS,34.1619047619048
Bangladesh,BGD,2018,"Annual freshwater withdrawals, total (% of internal resources)",ER.H2O.FWTL.ZS,34.1619047619048
Bangladesh,BGD,2017,"Annual freshwater withdrawals, total (% of internal resources)",ER.H2O.FWTL.ZS,34.1619047619048
Bangladesh,BGD,2016,"Annual freshwater withdrawals, total (% of internal resources)",ER.H2O.FWTL.ZS,34.1619047619048
Bangladesh,BGD,2015,"Annual freshwater withdrawals, total (% of internal resources)",ER.H2O.FWTL.ZS,34.1619047619048
Bangladesh,BGD,2014,"Annual freshwater withdrawals, total (% of internal resources)",ER.H2O.FWTL.ZS,34.1619047619048
Bangladesh,BGD,2013,"Annual freshwater withdrawals, total (% of internal resources)",ER.H2O.FWTL.ZS,34.1619047619048
Bangladesh,BGD,2012,"Annual freshwater withdrawals, total (% of internal resources)",ER.H2O.FWTL.ZS,34.1619047619048
Bangladesh,BGD,2011,"Annual freshwater withdrawals, total (% of internal resources)",ER.H2O.FWTL.ZS,34.1619047619048
Bangladesh,BGD,2010,"Annual freshwater withdrawals, total (% of internal resources)",ER.H2O.FWTL.ZS,34.1619047619048
Bangladesh,BGD,2009,"Annual freshwater withdrawals, total (% of internal resources)",ER.H2O.FWTL.ZS,34.1619047619048
Bangladesh,BGD,2008,"Annual freshwater withdrawals, total (% of internal resources)",ER.H2O.FWTL.ZS,34.1619047619048
Bangladesh,BGD,2021,"Mortality rate, under-5 (per 1,000 live births)",SH.DYN.MORT,27.3
Bangladesh,BGD,2020,"Mortality rate, under-5 (per 1,000 live births)",SH.DYN.MORT,28.8
Bangladesh,BGD,2019,"Mortality rate, under-5 (per 1,000 live births)",SH.DYN.MORT,30.4
Bangladesh,BGD,2018,"Mortality rate, under-5 (per 1,000 live births)",SH.DYN.MORT,32.2
Bangladesh,BGD,2017,"Mortality rate, under-5 (per 1,000 live births)",SH.DYN.MORT,34.1
Bangladesh,BGD,2016,"Mortality rate, under-5 (per 1,000 live births)",SH.DYN.MORT,36.0
Bangladesh,BGD,2015,"Mortality rate, under-5 (per 1,000 live births)",SH.DYN.MORT,38.0
Bangladesh,BGD,2014,"Mortality rate, under-5 (per 1,000 live births)",SH.DYN.MORT,40.0
Bangladesh,BGD,2013,"Mortality rate, under-5 (per 1,000 live births)",SH.DYN.MORT,42.1
Bangladesh,BGD,2012,"Mortality rate, under-5 (per 1,000 live births)",SH.DYN.MORT,44.4
Bangladesh,BGD,2011,"Mortality rate, under-5 (per 1,000 live births)",SH.DYN.MORT,46.7
Bangladesh,BGD,2010,"Mortality rate, under-5 (per 1,000 live births)",SH.DYN.MORT,49.2
Bangladesh,BGD,2009,"Mortality rate, under-5 (per 1,000 live births)",SH.DYN.MORT,51.8
Bangladesh,BGD,2008,"Mortality rate, under-5 (per 1,000 live births)",SH.DYN.MORT,54.7
Bangladesh,BGD,2007,"Mortality rate, under-5 (per 1,000 live births)",SH.DYN.MORT,57.7
Bangladesh,BGD,2006,"Mortality rate, under-5 (per 1,000 live births)",SH.DYN.MORT,61.0
Bangladesh,BGD,2005,"Mortality rate, under-5 (per 1,000 live births)",SH.DYN.MORT,64.5
Bangladesh,BGD,2004,"Mortality rate, under-5 (per 1,000 live births)",SH.DYN.MORT,68.3
Bangladesh,BGD,2003,"Mortality rate, under-5 (per 1,000 live births)",SH.DYN.MORT,72.3
Bangladesh,BGD,2002,"Mortality rate, under-5 (per 1,000 live births)",SH.DYN.MORT,76.6
Bangladesh,BGD,2001,"Mortality rate, under-5 (per 1,000 live births)",SH.DYN.MORT,81.1
Bangladesh,BGD,2000,"Mortality rate, under-5 (per 1,000 live births)",SH.DYN.MORT,86.1
Bangladesh,BGD,1999,"Mortality rate, under-5 (per 1,000 live births)",SH.DYN.MORT,91.3
Bangladesh,BGD,1998,"Mortality rate, under-5 (per 1,000 live births)",SH.DYN.MORT,96.9
Bangladesh,BGD,1997,"Mortality rate, under-5 (per 1,000 live births)",SH.DYN.MORT,102.7
Bangladesh,BGD,1996,"Mortality rate, under-5 (per 1,000 live births)",SH.DYN.MORT,108.6
Bangladesh,BGD,1995,"Mortality rate, under-5 (per 1,000 live births)",SH.DYN.MORT,114.7
Bangladesh,BGD,1994,"Mortality rate, under-5 (per 1,000 live births)",SH.DYN.MORT,120.9
Bangladesh,BGD,1993,"Mortality rate, under-5 (per 1,000 live births)",SH.DYN.MORT,127.1
Bangladesh,BGD,1992,"Mortality rate, under-5 (per 1,000 live births)",SH.DYN.MORT,133.4
Bangladesh,BGD,1991,"Mortality rate, under-5 (per 1,000 live births)",SH.DYN.MORT,139.7
Bangladesh,BGD,1990,"Mortality rate, under-5 (per 1,000 live births)",SH.DYN.MORT,146.0
Bangladesh,BGD,1989,"Mortality rate, under-5 (per 1,000 live births)",SH.DYN.MORT,152.2
Bangladesh,BGD,1988,"Mortality rate, under-5 (per 1,000 live births)",SH.DYN.MORT,158.5
Bangladesh,BGD,1987,"Mortality rate, under-5 (per 1,000 live births)",SH.DYN.MORT,164.9
Bangladesh,BGD,1986,"Mortality rate, under-5 (per 1,000 live births)",SH.DYN.MORT,171.3
Bangladesh,BGD,1985,"Mortality rate, under-5 (per 1,000 live births)",SH.DYN.MORT,177.5
Bangladesh,BGD,1984,"Mortality rate, under-5 (per 1,000 live births)",SH.DYN.MORT,183.6
Bangladesh,BGD,1983,"Mortality rate, under-5 (per 1,000 live births)",SH.DYN.MORT,189.4
Bangladesh,BGD,1982,"Mortality rate, under-5 (per 1,000 live births)",SH.DYN.MORT,195.0
Bangladesh,BGD,1981,"Mortality rate, under-5 (per 1,000 live births)",SH.DYN.MORT,200.3
Bangladesh,BGD,1980,"Mortality rate, under-5 (per 1,000 live births)",SH.DYN.MORT,205.3
Bangladesh,BGD,1979,"Mortality rate, under-5 (per 1,000 live births)",SH.DYN.MORT,210.0
Bangladesh,BGD,1978,"Mortality rate, under-5 (per 1,000 live births)",SH.DYN.MORT,214.3
Bangladesh,BGD,1977,"Mortality rate, under-5 (per 1,000 live births)",SH.DYN.MORT,218.1
Bangladesh,BGD,1976,"Mortality rate, under-5 (per 1,000 live births)",SH.DYN.MORT,221.3
Bangladesh,BGD,1975,"Mortality rate, under-5 (per 1,000 live births)",SH.DYN.MORT,223.8
Bangladesh,BGD,1974,"Mortality rate, under-5 (per 1,000 live births)",SH.DYN.MORT,225.6
Bangladesh,BGD,1973,"Mortality rate, under-5 (per 1,000 live births)",SH.DYN.MORT,226.9
Bangladesh,BGD,1972,"Mortality rate, under-5 (per 1,000 live births)",SH.DYN.MORT,227.5
Bangladesh,BGD,1971,"Mortality rate, under-5 (per 1,000 live births)",SH.DYN.MORT,373.2
Bangladesh,BGD,1970,"Mortality rate, under-5 (per 1,000 live births)",SH.DYN.MORT,273.1
Bangladesh,BGD,1969,"Mortality rate, under-5 (per 1,000 live births)",SH.DYN.MORT,228.6
Bangladesh,BGD,1968,"Mortality rate, under-5 (per 1,000 live births)",SH.DYN.MORT,229.6
Bangladesh,BGD,1967,"Mortality rate, under-5 (per 1,000 live births)",SH.DYN.MORT,231.2
Bangladesh,BGD,1966,"Mortality rate, under-5 (per 1,000 live births)",SH.DYN.MORT,233.5
Bangladesh,BGD,1965,"Mortality rate, under-5 (per 1,000 live births)",SH.DYN.MORT,236.6
Bangladesh,BGD,1964,"Mortality rate, under-5 (per 1,000 live births)",SH.DYN.MORT,240.5
Bangladesh,BGD,1963,"Mortality rate, under-5 (per 1,000 live births)",SH.DYN.MORT,245.1
Bangladesh,BGD,1962,"Mortality rate, under-5 (per 1,000 live births)",SH.DYN.MORT,250.2
Bangladesh,BGD,1961,"Mortality rate, under-5 (per 1,000 live births)",SH.DYN.MORT,256.0
Bangladesh,BGD,1960,"Mortality rate, under-5 (per 1,000 live births)",SH.DYN.MORT,262.0
Bangladesh,BGD,2021,Population (total),SP.POP.TOTL,169356251.0
Bangladesh,BGD,2020,Population (total),SP.POP.TOTL,167420951.0
Bangladesh,BGD,2019,Population (total),SP.POP.TOTL,165516222.0
Bangladesh,BGD,2018,Population (total),SP.POP.TOTL,163683958.0
Bangladesh,BGD,2017,Population (total),SP.POP.TOTL,161793964.0
Bangladesh,BGD,2016,Population (total),SP.POP.TOTL,159784568.0
Bangladesh,BGD,2015,Population (total),SP.POP.TOTL,157830000.0
Bangladesh,BGD,2014,Population (total),SP.POP.TOTL,155961299.0
Bangladesh,BGD,2013,Population (total),SP.POP.TOTL,154030139.0
Bangladesh,BGD,2012,Population (total),SP.POP.TOTL,152090649.0
Bangladesh,BGD,2011,Population (total),SP.POP.TOTL,150211005.0
Bangladesh,BGD,2010,Population (total),SP.POP.TOTL,148391139.0
Bangladesh,BGD,2009,Population (total),SP.POP.TOTL,146706810.0
Bangladesh,BGD,2008,Population (total),SP.POP.TOTL,145421318.0
Bangladesh,BGD,2007,Population (total),SP.POP.TOTL,144135934.0
Bangladesh,BGD,2006,Population (total),SP.POP.TOTL,142628831.0
Bangladesh,BGD,2005,Population (total),SP.POP.TOTL,140912590.0
Bangladesh,BGD,2004,Population (total),SP.POP.TOTL,138789725.0
Bangladesh,BGD,2003,Population (total),SP.POP.TOTL,136503206.0
Bangladesh,BGD,2002,Population (total),SP.POP.TOTL,134139826.0
Bangladesh,BGD,2001,Population (total),SP.POP.TOTL,131670484.0
Bangladesh,BGD,2000,Population (total),SP.POP.TOTL,129193327.0
Bangladesh,BGD,1999,Population (total),SP.POP.TOTL,126754824.0
Bangladesh,BGD,1998,Population (total),SP.POP.TOTL,124350471.0
Bangladesh,BGD,1997,Population (total),SP.POP.TOTL,122039226.0
Bangladesh,BGD,1996,Population (total),SP.POP.TOTL,119876868.0
Bangladesh,BGD,1995,Population (total),SP.POP.TOTL,117793338.0
Bangladesh,BGD,1994,Population (total),SP.POP.TOTL,115614891.0
Bangladesh,BGD,1993,Population (total),SP.POP.TOTL,113418757.0
Bangladesh,BGD,1992,Population (total),SP.POP.TOTL,111272102.0
Bangladesh,BGD,1991,Population (total),SP.POP.TOTL,109242834.0
Bangladesh,BGD,1990,Population (total),SP.POP.TOTL,107147651.0
Bangladesh,BGD,1989,Population (total),SP.POP.TOTL,104893674.0
Bangladesh,BGD,1988,Population (total),SP.POP.TOTL,102688833.0
Bangladesh,BGD,1987,Population (total),SP.POP.TOTL,100490256.0
Bangladesh,BGD,1986,Population (total),SP.POP.TOTL,98271746.0
Bangladesh,BGD,1985,Population (total),SP.POP.TOTL,95959099.0
Bangladesh,BGD,1984,Population (total),SP.POP.TOTL,93534239.0
Bangladesh,BGD,1983,Population (total),SP.POP.TOTL,91045478.0
Bangladesh,BGD,1982,Population (total),SP.POP.TOTL,88555336.0
Bangladesh,BGD,1981,Population (total),SP.POP.TOTL,86154836.0
Bangladesh,BGD,1980,Population (total),SP.POP.TOTL,83929765.0
Bangladesh,BGD,1979,Population (total),SP.POP.TOTL,81908151.0
Bangladesh,BGD,1978,Population (total),SP.POP.TOTL,80007550.0
Bangladesh,BGD,1977,Population (total),SP.POP.TOTL,78137788.0
Bangladesh,BGD,1976,Population (total),SP.POP.TOTL,76380080.0
Bangladesh,BGD,1975,Population (total),SP.POP.TOTL,74700345.0
Bangladesh,BGD,1974,Population (total),SP.POP.TOTL,72947807.0
Bangladesh,BGD,1973,Population (total),SP.POP.TOTL,71144818.0
Bangladesh,BGD,1972,Population (total),SP.POP.TOTL,69346705.0
Bangladesh,BGD,1971,Population (total),SP.POP.TOTL,68376204.0
Bangladesh,BGD,1970,Population (total),SP.POP.TOTL,67541860.0
Bangladesh,BGD,1969,Population (total),SP.POP.TOTL,65866908.0
Bangladesh,BGD,1968,Population (total),SP.POP.TOTL,63995652.0
Bangladesh,BGD,1967,Population (total),SP.POP.TOTL,62104488.0
Bangladesh,BGD,1966,Population (total),SP.POP.TOTL,60265259.0
Bangladesh,BGD,1965,Population (total),SP.POP.TOTL,58500159.0
Bangladesh,BGD,1964,Population (total),SP.POP.TOTL,56774465.0
Bangladesh,BGD,1963,Population (total),SP.POP.TOTL,55094115.0
Bangladesh,BGD,1962,Population (total),SP.POP.TOTL,53461661.0
Bangladesh,BGD,1961,Population (total),SP.POP.TOTL,51882769.0
Bangladesh,BGD,1960,Population (total),SP.POP.TOTL,50396429.0
Bangladesh,BGD,2021,Urban population growth (annual %),SP.URB.GROW,3.1436030611842
Bangladesh,BGD,2020,Urban population growth (annual %),SP.URB.GROW,3.18709422690114
Bangladesh,BGD,2019,Urban population growth (annual %),SP.URB.GROW,3.20139457166867
Bangladesh,BGD,2018,Urban population growth (annual %),SP.URB.GROW,3.29692508575707
Bangladesh,BGD,2017,Urban population growth (annual %),SP.URB.GROW,3.43472587197033
Bangladesh,BGD,2016,Urban population growth (annual %),SP.URB.GROW,3.46460806179455
Bangladesh,BGD,2015,Urban population growth (annual %),SP.URB.GROW,3.46994901894979
Bangladesh,BGD,2014,Urban population growth (annual %),SP.URB.GROW,3.57799744804209
Bangladesh,BGD,2013,Urban population growth (annual %),SP.URB.GROW,3.64237554020305
Bangladesh,BGD,2012,Urban population growth (annual %),SP.URB.GROW,3.67337850835789
Bangladesh,BGD,2011,Urban population growth (annual %),SP.URB.GROW,3.69284258339114
Bangladesh,BGD,2010,Urban population growth (annual %),SP.URB.GROW,3.64454978121574
Bangladesh,BGD,2009,Urban population growth (annual %),SP.URB.GROW,3.40591977571723
Bangladesh,BGD,2008,Urban population growth (annual %),SP.URB.GROW,3.44369107188052
Bangladesh,BGD,2007,Urban population growth (annual %),SP.URB.GROW,3.63403697703824
Bangladesh,BGD,2006,Urban population growth (annual %),SP.URB.GROW,3.81722387019357
Bangladesh,BGD,2005,Urban population growth (annual %),SP.URB.GROW,4.14458215704186
Bangladesh,BGD,2004,Urban population growth (annual %),SP.URB.GROW,4.31932435855494
Bangladesh,BGD,2003,Urban population growth (annual %),SP.URB.GROW,4.4287741624036
Bangladesh,BGD,2002,Urban population growth (annual %),SP.URB.GROW,4.56022822596011
Bangladesh,BGD,2001,Urban population growth (annual %),SP.URB.GROW,4.02154852620664
Bangladesh,BGD,2000,Urban population growth (annual %),SP.URB.GROW,3.56396663214103
Bangladesh,BGD,1999,Urban population growth (annual %),SP.URB.GROW,3.58395343287377
Bangladesh,BGD,1998,Urban population growth (annual %),SP.URB.GROW,3.55551545137164
Bangladesh,BGD,1997,Urban population growth (annual %),SP.URB.GROW,3.46860537843197
Bangladesh,BGD,1996,Urban population growth (annual %),SP.URB.GROW,3.44910798094291
Bangladesh,BGD,1995,Urban population growth (annual %),SP.URB.GROW,3.56358231579698
Bangladesh,BGD,1994,Urban population growth (annual %),SP.URB.GROW,3.62966497633173
Bangladesh,BGD,1993,Urban population growth (annual %),SP.URB.GROW,3.62339222310018
Bangladesh,BGD,1992,Urban population growth (annual %),SP.URB.GROW,3.56812989417555
Bangladesh,BGD,1991,Urban population growth (annual %),SP.URB.GROW,4.16285256926796
Bangladesh,BGD,1990,Urban population growth (annual %),SP.URB.GROW,4.58396388889999
Bangladesh,BGD,1989,Urban population growth (annual %),SP.URB.GROW,4.59118630902644
Bangladesh,BGD,1988,Urban population growth (annual %),SP.URB.GROW,4.65539513301814
Bangladesh,BGD,1987,Urban population growth (annual %),SP.URB.GROW,4.73145193733278
Bangladesh,BGD,1986,Urban population growth (annual %),SP.URB.GROW,4.89308245796481
Bangladesh,BGD,1985,Urban population growth (annual %),SP.URB.GROW,5.08302413208754
Bangladesh,BGD,1984,Urban population growth (annual %),SP.URB.GROW,5.2436558830459
Bangladesh,BGD,1983,Urban population growth (annual %),SP.URB.GROW,5.32482082600139
Bangladesh,BGD,1982,Urban population growth (annual %),SP.URB.GROW,5.31599739534716
Bangladesh,BGD,1981,Urban population growth (annual %),SP.URB.GROW,8.81718628448638
Bangladesh,BGD,1980,Urban population growth (annual %),SP.URB.GROW,10.4980135868726
Bangladesh,BGD,1979,Urban population growth (annual %),SP.URB.GROW,10.4950639775701
Bangladesh,BGD,1978,Urban population growth (annual %),SP.URB.GROW,10.6054937720688
Bangladesh,BGD,1977,Urban population growth (annual %),SP.URB.GROW,10.6002695625492
Bangladesh,BGD,1976,Urban population growth (annual %),SP.URB.GROW,10.6525236181926
Bangladesh,BGD,1975,Urban population growth (annual %),SP.URB.GROW,10.8794376303599
Bangladesh,BGD,1974,Urban population growth (annual %),SP.URB.GROW,7.97399257670215
Bangladesh,BGD,1973,Urban population growth (annual %),SP.URB.GROW,6.5188985658703
Bangladesh,BGD,1972,Urban population growth (annual %),SP.URB.GROW,5.37963305040388
Bangladesh,BGD,1971,Urban population growth (annual %),SP.URB.GROW,5.20399854395982
Bangladesh,BGD,1970,Urban population growth (annual %),SP.URB.GROW,6.50117452225533
Bangladesh,BGD,1969,Urban population growth (annual %),SP.URB.GROW,6.89523693872464
Bangladesh,BGD,1968,Urban population growth (annual %),SP.URB.GROW,7.01711015449179
Bangladesh,BGD,1967,Urban population growth (annual %),SP.URB.GROW,7.03709767576184
Bangladesh,BGD,1966,Urban population growth (annual %),SP.URB.GROW,7.01166272982913
Bangladesh,BGD,1965,Urban population growth (annual %),SP.URB.GROW,7.05233856873113
Bangladesh,BGD,1964,Urban population growth (annual %),SP.URB.GROW,7.05932855217456
Bangladesh,BGD,1963,Urban population growth (annual %),SP.URB.GROW,7.0885620320008
Bangladesh,BGD,1962,Urban population growth (annual %),SP.URB.GROW,7.08149940974988
Bangladesh,BGD,1961,Urban population growth (annual %),SP.URB.GROW,5.65338283242458
Bangladesh,BGD,2021,Urban population (% of total population),SP.URB.TOTL.IN.ZS,38.946
Bangladesh,BGD,2020,Urban population (% of total population),SP.URB.TOTL.IN.ZS,38.177
Bangladesh,BGD,2019,Urban population (% of total population),SP.URB.TOTL.IN.ZS,37.405
Bangladesh,BGD,2018,Urban population (% of total population),SP.URB.TOTL.IN.ZS,36.632
Bangladesh,BGD,2017,Urban population (% of total population),SP.URB.TOTL.IN.ZS,35.858
Bangladesh,BGD,2016,Urban population (% of total population),SP.URB.TOTL.IN.ZS,35.083
Bangladesh,BGD,2015,Urban population (% of total population),SP.URB.TOTL.IN.ZS,34.308
Bangladesh,BGD,2014,Urban population (% of total population),SP.URB.TOTL.IN.ZS,33.535
Bangladesh,BGD,2013,Urban population (% of total population),SP.URB.TOTL.IN.ZS,32.762
Bangladesh,BGD,2012,Urban population (% of total population),SP.URB.TOTL.IN.ZS,31.993
Bangladesh,BGD,2011,Urban population (% of total population),SP.URB.TOTL.IN.ZS,31.225
Bangladesh,BGD,2010,Urban population (% of total population),SP.URB.TOTL.IN.ZS,30.462
Bangladesh,BGD,2009,Urban population (% of total population),SP.URB.TOTL.IN.ZS,29.709
Bangladesh,BGD,2008,Urban population (% of total population),SP.URB.TOTL.IN.ZS,28.968
Bangladesh,BGD,2007,Urban population (% of total population),SP.URB.TOTL.IN.ZS,28.237
Bangladesh,BGD,2006,Urban population (% of total population),SP.URB.TOTL.IN.ZS,27.517
Bangladesh,BGD,2005,Urban population (% of total population),SP.URB.TOTL.IN.ZS,26.809
Bangladesh,BGD,2004,Urban population (% of total population),SP.URB.TOTL.IN.ZS,26.114
Bangladesh,BGD,2003,Urban population (% of total population),SP.URB.TOTL.IN.ZS,25.429
Bangladesh,BGD,2002,Urban population (% of total population),SP.URB.TOTL.IN.ZS,24.756
Bangladesh,BGD,2001,Urban population (% of total population),SP.URB.TOTL.IN.ZS,24.096
Bangladesh,BGD,2000,Urban population (% of total population),SP.URB.TOTL.IN.ZS,23.59
Bangladesh,BGD,1999,Urban population (% of total population),SP.URB.TOTL.IN.ZS,23.202
Bangladesh,BGD,1998,Urban population (% of total population),SP.URB.TOTL.IN.ZS,22.818
Bangladesh,BGD,1997,Urban population (% of total population),SP.URB.TOTL.IN.ZS,22.438
Bangladesh,BGD,1996,Urban population (% of total population),SP.URB.TOTL.IN.ZS,22.064
Bangladesh,BGD,1995,Urban population (% of total population),SP.URB.TOTL.IN.ZS,21.693
Bangladesh,BGD,1994,Urban population (% of total population),SP.URB.TOTL.IN.ZS,21.328
Bangladesh,BGD,1993,Urban population (% of total population),SP.URB.TOTL.IN.ZS,20.966
Bangladesh,BGD,1992,Urban population (% of total population),SP.URB.TOTL.IN.ZS,20.61
Bangladesh,BGD,1991,Urban population (% of total population),SP.URB.TOTL.IN.ZS,20.257
Bangladesh,BGD,1990,Urban population (% of total population),SP.URB.TOTL.IN.ZS,19.811
Bangladesh,BGD,1989,Urban population (% of total population),SP.URB.TOTL.IN.ZS,19.33
Bangladesh,BGD,1988,Urban population (% of total population),SP.URB.TOTL.IN.ZS,18.859
Bangladesh,BGD,1987,Urban population (% of total population),SP.URB.TOTL.IN.ZS,18.395
Bangladesh,BGD,1986,Urban population (% of total population),SP.URB.TOTL.IN.ZS,17.941
Bangladesh,BGD,1985,Urban population (% of total population),SP.URB.TOTL.IN.ZS,17.496
Bangladesh,BGD,1984,Urban population (% of total population),SP.URB.TOTL.IN.ZS,17.06
Bangladesh,BGD,1983,Urban population (% of total population),SP.URB.TOTL.IN.ZS,16.631
Bangladesh,BGD,1982,Urban population (% of total population),SP.URB.TOTL.IN.ZS,16.212
Bangladesh,BGD,1981,Urban population (% of total population),SP.URB.TOTL.IN.ZS,15.801
Bangladesh,BGD,1980,Urban population (% of total population),SP.URB.TOTL.IN.ZS,14.851
Bangladesh,BGD,1979,Urban population (% of total population),SP.URB.TOTL.IN.ZS,13.701
Bangladesh,BGD,1978,Urban population (% of total population),SP.URB.TOTL.IN.ZS,12.629
Bangladesh,BGD,1977,Urban population (% of total population),SP.URB.TOTL.IN.ZS,11.63
Bangladesh,BGD,1976,Urban population (% of total population),SP.URB.TOTL.IN.ZS,10.701
Bangladesh,BGD,1975,Urban population (% of total population),SP.URB.TOTL.IN.ZS,9.836
Bangladesh,BGD,1974,Urban population (% of total population),SP.URB.TOTL.IN.ZS,9.034
Bangladesh,BGD,1973,Urban population (% of total population),SP.URB.TOTL.IN.ZS,8.553
Bangladesh,BGD,1972,Urban population (% of total population),SP.URB.TOTL.IN.ZS,8.221
Bangladesh,BGD,1971,Urban population (% of total population),SP.URB.TOTL.IN.ZS,7.901
Bangladesh,BGD,1970,Urban population (% of total population),SP.URB.TOTL.IN.ZS,7.593
Bangladesh,BGD,1969,Urban population (% of total population),SP.URB.TOTL.IN.ZS,7.296
Bangladesh,BGD,1968,Urban population (% of total population),SP.URB.TOTL.IN.ZS,7.009
Bangladesh,BGD,1967,Urban population (% of total population),SP.URB.TOTL.IN.ZS,6.733
Bangladesh,BGD,1966,Urban population (% of total population),SP.URB.TOTL.IN.ZS,6.467
Bangladesh,BGD,1965,Urban population (% of total population),SP.URB.TOTL.IN.ZS,6.211
Bangladesh,BGD,1964,Urban population (% of total population),SP.URB.TOTL.IN.ZS,5.964
Bangladesh,BGD,1963,Urban population (% of total population),SP.URB.TOTL.IN.ZS,5.727
Bangladesh,BGD,1962,Urban population (% of total population),SP.URB.TOTL.IN.ZS,5.498
Bangladesh,BGD,1961,Urban population (% of total population),SP.URB.TOTL.IN.ZS,5.278
Bangladesh,BGD,1960,Urban population (% of total population),SP.URB.TOTL.IN.ZS,5.135
